[{"Organization":{"orgName":"Top_rice","Address":{"zipCode":"8450214","Location":{"town":"Moscow","locX":3.0,"locY":4.0}},"annualTurnover":600.0,"type":"GOVERNMENT","orgId":1277184325},"unitOfMeasure":"GRAMS","price":50.0,"name":"rice","coordinates":{"x":2,"y":2},"id":279012961,"creationDate":"2021-04-22"},{"Organization":{"orgName":"COCON","Address":{"zipCode":"49i51340","Location":{"town":"Jerusalem","locX":33.0,"locY":33.0}},"annualTurnover":500.0,"type":"PUBLIC","orgId":-880552476},"unitOfMeasure":"METERS","price":5000.0,"name":"cucumber","coordinates":{"x":4,"y":8},"id":1728002974,"creationDate":"2021-04-22"}]